{
    "title": "Vega Sailing",
    "subtitle": "slogan xxx",
    "submenu": [{
            "icon": "compass",
            "title": "Jedriličarski kursevi",
            "content": [
                "Sail Canada sertifikati", 
                "Praktični kursevi u Grčkoj", 
                "Navigacioni kursevi u Beogradu", 
                "Licence za operatera pomorske VHF radio stanice"]
        },
        {
            "icon": "life-ring",
            "title": "Jedrenje u flotili",
            "content": [
                "Jedrenje nezavisnih posada, ali u društvu"
            ]
        },
        {
            "icon": "binoculars",
            "title": "Jedriličarkse informacije",
            "content": [
                "Krsteranje u Grčkoj",
                "Boforova skala"
            ]
        }
        
    ]
}