[{
    "title": "Home",
    "component": "home",
    "id": 0,
    "submenu": []
},
{
    "title": "Kursevi",
    "component": "courses",
    "id": 1,
    "submenu": [
        {
            "title": " Pregled kurseva ",
            "desc": "Opšte informacije, licenciranje, školska pravila.",
            "icon": "asterisk",
            "img": "mb.png",
            "state": "active",
            "id": 16
        },
        {
            "title": "  Basic Cruising - Sail Canada nivo I",
            "desc": "Jedrenje u poznatim vodama, danju, pri umerenim uslovima vetra i mora. 27 nastavnih časova, većinom na vodi.",
            "icon": "water",
            "img": "mb.png",
            "state": "active",
            "id": 11
        },
        {
            "title": "  Intermediate Cruising - Sail Canada nivo II",
            "desc": "Veštine potrebne za višednevno obalsko krstarenje, nivo potreban za najam jedrilica. Sedam dana na brodu.",
            "icon": "water",
            "img": "mb.png",
            "state": "active",
            "id": 12
        },
        {
            "title": "  Obalska navigacija - Sail Canada BN",
            "desc": "Planiranje krstarenja i navigacione veštine za plovidbu u priobalnom području. 18 časova u učionici.",
            "icon": "drafting-compass",
            "img": "mb.png",
            "state": "active",
            "id": 13
        },
        {
            "title": "  ROC(M) kurs - licenca operatera pomorkse VHF radio stanice, uključujući i DSC",
            "desc": "Licencu izadje federalna vlada Kanade, licenca priznata u svim zemljama. 9 časova u učionici.",
            "icon": "atom",
            "img": "mb.png",
            "state": "active",
            "id": 14
        },
        {
            "title": "  RYA Kursevi",
            "desc": "Kursevi po programu Royal Yachting Association (britanska federacija) preko naših partnera 'Aegeas Yachting', Kavala, akreditovana RYA škola.",
            "icon": "plus-square",
            "img": "mb.png",
            "state": "active",
            "id": 15
        }
        
    ]
},
{
    "title": "Flotila",
    "component": "flotilla",
    "id": 2,
    "submenu": [
        {
            "title": "Flotila 2019",
            "desc": "Krstarnje u Grčkoj. Steknite iskustvo i prijatelje.",
            "icon": "anchor",
            "img": "mb.png",
            "state": "active",
            "id": 21
        },
        {
            "title": "Flotile 2018 i ranije",
            "desc": "",
            "icon": "anchor",
            "img": "mb.png",
            "state": "active",
            "id": 22
        }
    ]
},
{
    "title": "Jedriličarske informacije",
    "component": "sailing_info",
    "id": 3,
    "submenu": [
        {
            "title": "Boforova skala",
            "desc": "Skala jačine vetra i stanja mora.",
            "icon": "anchor",
            "img": "mb.png",
            "state": "active",
            "id": 31
        }
    ]
},
{
    "title": "O nama",
    "component": "about",
    "id": 4,
    "submenu": [{
            "title": "O nama",
            "desc": "",
            "icon": "anchor",
            "img": "mb.png",
            "state": "active",
            "id": 41
        },
        {
            "title": "Kontakt",
            "desc": "",
            "icon": "anchor",
            "img": "mb.png",
            "state": "active",
            "id": 42
        }
    ]
}
]