[
    {
        "link": "Boforova skala",
        "text": "Boforova skala je u širokoj upotrebi za opis jačine vetra i stanja mora. Osmislio je Francis Beaufort, 1805 godine. Skala se bazira on obezrvaciji i proceni, pre nego na preciznom merenju, što i ne bi bilo prikladno u tako promenljivim uslovima. I pored toga što promena jačine vetra obično uzrokuje i promenu stanja mora, to ne mora uvek a bude slučaj. Skala opisuje stanje mora na otvorenom, ne u blizini obale. <br />- Lokalni uslovi se mogu značajno razlikovati od onih na otvorenom, kao i od navedenih u prognozi. Retko prognoza pokriva svaku uvalu. Na nekoliko faktora treba obratiti pažnju: <br />- U uvučenim zalivima i u zavetrini kopna, more može biti skoro bez talasa, čak i kad van duva jak vetar. Generalno, visina talasa osim jačine vetra zavisi i od površine preko koje duva (fetch area). <br />- Kako talasi nailaze na pliće vode, oni postaju sve kraći i sve viši, tj. značajno strmiji. <br />- Promena pravca vetra uzrokuje nepravilne talase. <br />- Vetar koji duva nasuprot struj kreira vrlo konfuznu površinu (chop). <br />- Boforova skala ne uzima u obzir nalete vetra, već samo srednju brzinu. <br /><br />Prognoza za vetar može biti data u Boforima, ali i u drugim jedinicama: m/sec ili km/h, ali i opisno. ‘Slab vetar’ znači do 3Bf, ‘umeren vetar’ je do 5Bf. Preko toga postoje tri nivoa upozorenja. ‘Upozorenje na jak vetar’ (strong wind worning) se izdaje kad je prognoza 6 ili 7Bf. ‘Upozorenje na olujni vetar’ (gale warning) se izdaje pri 8 i 9Bf. ‘Upozorenje na žestoku oluju’ (storm warning) pri 10 i 11Bf. Dvanaest bofora je uraganski vetar.",
        "img": "BFT_eng_303x343.jpg",
        "icon": "check_circle",
        "pid": 31
    }


]