{
    "title": "Vega Sailing",
    "subtitle": "slogan xxx",
    "submenu": [{
            "icon": "compass",
            "title": "Sailing Courses",
            "content": [
                "Sail Canada certification", 
                "Practical, on-water courses in Greece", 
                "Navigation courses in Belgrade", 
                "Marine VHF Licenses"]
        },
        {
            "icon": "life-ring",
            "title": "Flotilla Sailing",
            "content": [
                "Indipendant sailing trips, with company of other boats"
            ]
        },
        {
            "icon": "binoculars",
            "title": "Sailing Info",
            "content": [
                "Greek cruising grounds",
                "Beaufort scale"
            ]
        }
        
    ]
}