[{
        "title": "Home",
        "component": "home",
        "id": 0,
        "submenu": []
    },
    {
        "title": "Courses",
        "component": "courses",
        "id": 1,
        "submenu": [
            {
                "title": " Overview of the Courses ",
                "desc": "General information on learning path, licensing, participation.",
                "icon": "asterisk",
                "img": "mb.png",
                "state": "active",
                "id": 16
            },
            {
                "title": "  Basic Cruising Course - Sail Canada Level I",
                "desc": "Sail in familiar waters, in moderate wind and sea conditions by day. 27 hours, mostly on water.",
                "icon": "water",
                "img": "mb.png",
                "state": "active",
                "id": 11
            },
            {
                "title": "  Intermediate Cruising Course - Sail Canada Level II",
                "desc": "Gain skills for extended cruising in coastal waters and for bareboat chartering. 7 days liveaboard.",
                "icon": "water",
                "img": "mb.png",
                "state": "active",
                "id": 12
            },
            {
                "title": "  Basic Coastal Navigation Course - Sail Canada BN",
                "desc": " Plan voyages and safely navigate in coastal and inland waters. 18 classroom hours.",
                "icon": "drafting-compass",
                "img": "mb.png",
                "state": "active",
                "id": 13
            },
            {
                "title": "  ROC(M) Course - Marine VHF Radio with DSC License",
                "desc": "Canadian Federal government issued license that allows you to operate a marine VHF radio, accepted worldwide. 9 classroom hours.",
                "icon": "atom",
                "img": "mb.png",
                "state": "active",
                "id": 14
            },
            {
                "title": "  RYA Courses",
                "desc": "Royal Yachting Association (British) sailing courses are available through our colaboration with Aegeas Yachting, Kavala, an accredited RYA School.",
                "icon": "plus-square",
                "img": "mb.png",
                "state": "active",
                "id": 15
            }
            
        ]
    },
    {
        "title": "Flotilla",
        "component": "flotilla",
        "id": 2,
        "submenu": [
            {
                "title": "Flotilla 2019",
                "desc": "Sail in Greek waters. Gain experience. Have fun. Make friends.",
                "icon": "anchor",
                "img": "mb.png",
                "state": "active",
                "id": 21
            },
            {
                "title": "Flotillas 2018 and earlier",
                "desc": "",
                "icon": "anchor",
                "img": "mb.png",
                "state": "active",
                "id": 22
            }
        ]
    },
    {
        "title": "Sailing Info",
        "component": "sailing_info",
        "id": 3,
        "submenu": [
            {
                "title": "Beaufort Scale",
                "desc": "Wind speed and sea state scale.",
                "icon": "anchor",
                "img": "mb.png",
                "state": "active",
                "id": 31
            }
        ]
    },
    {
        "title": "Abouts",
        "component": "about",
        "id": 4,
        "submenu": [{
                "title": "About Us",
                "desc": "",
                "icon": "anchor",
                "img": "mb.png",
                "state": "active",
                "id": 41
            },
            {
                "title": "Contact",
                "desc": "",
                "icon": "anchor",
                "img": "mb.png",
                "state": "active",
                "id": 42
            }
        ]
    }
]